id;name;email;gender;status
1;middleware;Adele97@gmail.com;Buckinghamshire;synthesizing
2;overriding cultivate;Diego.Harber@gmail.com;orchid;out-of-the-box
3;explicit parsing Georgia;Kristopher.Nikolaus99@hotmail.com;Analyst program impactful;Court Circle
4;PNG Tools optical;Ralph5@hotmail.com;THX;neural
5;Tasty Metal Tuna Tasty Frozen Soap yellow;Janick_Sawayn@hotmail.com;function Square Managed;users ivory hard drive
6;Missouri Security;Adrien91@yahoo.com;Gorgeous;Organic frame
7;Tools Bedfordshire;Justen_Walsh62@yahoo.com;Estates;brand
8;generating;Eugene39@yahoo.com;SDD generate;Handmade Soft Bike monitor
9;Frozen encryption;Carolanne.Lowe@hotmail.com;Distributed Ameliorated;mobile transparent
10;proactive Checking Account;Jordyn.Cruickshank52@gmail.com;online Personal Loan Account;Fantastic Concrete Mouse Facilitator
